2021-08-23 11:26:30.669 RFLink: 20;0C;DEBUG;Pulses=135;Pulses(uSec)=720,930,840,930,810,960,810,930,810,930,840,930,810,960,810,930,840,930,840,930,810,960,780,960,810,930,840,930,780,930,810,930,840,450,300,960,300,450,840,450,300,960,300,450,840,450,300,960,330,450,840,450,300,960,780,990,300,450,840,450,300,960,330,450,840,900,840,930,840,450,300,960,780,960,810,960,810,990,750,990,750,990,780,930,810,930,810,990,750,990,750,990,300,450,840,930,840,420,330,990,780,990,780,960,330,450,840,450,300,930,330,420,870,900,870,420,330,930,810,930,810,960,810,960,780,960,840,900,840,900,900,870,990,750,6990;
2021-08-23 11:26:49.303 RFLink: 20;0D;DEBUG;Pulses=32;Pulses(uSec)=480,1860,390,1830,390,840,390,840,390,840,390,1830,390,840,390,1830,390,840,420,840,390,840,390,840,390,840,390,840,390,870,390,1320;
2021-08-23 11:26:49.982 RFLink: 20;0E;DEBUG;Pulses=244;Pulses(uSec)=480,1830,390,840,390,840,390,840,390,1770,780,780,780,780,780,780,780,780,780,780,780,780,780,780,810,780,780,780,780,780,780,780,780,780,780,780,780,780,810,780,780,330,330,780,330,330,780,330,330,780,330,330,780,330,330,780,330,330,810,330,330,780,780,780,330,330,780,330,330,780,330,330,780,780,780,780,780,330,330,780,780,780,780,780,810,780,780,780,780,780,780,780,780,780,780,780,780,780,810,780,330,330,780,330,420,780,330,330,810,330,330,780,330,330,780,780,780,780,780,330,330,780,780,780,780,780,780,780,780,780,330,330,780,330,330,780,780,780,780,780,780,780,780,780,780,780,780,780,780,780,780,780,780,780,780,780,330,330,780,780,780,780,780,330,330,780,780,780,780,780,780,810,330,330,780,780,780,330,330,780,780,780,330,330,780,330,330,780,780,780,330,330,810,300,330,780,780,780,780,780,780,780,780,780,330,330,780,330,330,780,780,780,330,330,780,780,810,780,780,330,330,780,780,780,330,330,780,780,780,780,780,780,780,330,330,780,780,780,780,780,330,330,780,6990;
2021-08-23 11:26:49.991 RFLink: 20;0F;Oregon Rain;ID=2A75;RAINRATE=0004;RAIN=59ca;BAT=LOW;
2021-08-23 11:26:49.997 RFLink: Rain (Inventum Regen)
2021-08-23 11:26:50.429 RFLink: 20;10;DEBUG;Pulses=76;Pulses(uSec)=870,780,780,780,330,330,780,780,780,330,330,780,780,780,330,330,780,330,330,780,780,780,330,330,780,330,330,780,780,780,780,780,780,780,780,780,330,330,780,330,330,780,780,780,330,330,780,780,780,780,780,330,330,780,810,780,330,330,780,780,810,780,780,780,780,330,330,780,780,780,780,780,330,330,780,6990;
2021-08-23 11:26:50.683 RFLink: 20;11;DEBUG;Pulses=172;Pulses(uSec)=810,750,750,750,750,300,330,750,750,750,780,780,810,780,810,780,780,780,780,780,780,780,780,780,780,780,780,780,330,330,780,330,330,780,330,330,810,330,330,780,330,330,780,780,780,780,780,330,330,780,780,960,780,780,810,780,780,780,330,330,780,330,330,780,780,780,780,780,780,780,810,780,780,780,780,780,780,780,810,780,780,780,780,780,330,330,810,780,780,780,780,330,330,780,810,780,780,780,780,780,330,360,810,780,780,330,330,780,780,780,330,330,780,330,330,780,780,780,330,330,810,330,330,780,780,780,780,780,810,780,780,780,330,330,780,330,330,780,780,780,330,330,840,750,780,780,780,330,330,780,780,780,330,330,810,780,780,780,780,780,780,330,360,780,780,780,780,780,330,330,810,6990;
2021-08-23 11:26:51.011 RFLink: 20;12;DEBUG;Pulses=132;Pulses(uSec)=210,2490,120,180,120,1200,120,1200,120,210,120,1200,120,210,120,1200,120,210,120,1200,120,210,120,1200,120,210,120,1200,120,210,120,180,120,1200,120,1200,120,210,120,180,120,1200,120,180,120,1200,120,180,120,1200,120,1200,120,210,120,180,120,1200,120,180,120,1200,120,180,120,1200,120,1200,120,180,120,180,120,1200,120,1200,120,180,120,180,120,1200,120,1200,120,180,120,180,120,1200,120,1200,120,180,120,1200,120,210,120,1200,120,210,120,180,120,1200,120,180,120,1200,120,180,120,1200,120,180,120,1200,120,180,120,1200,120,180,120,1200,120,180,120,1200,120,6990;
2021-08-23 11:26:51.015 RFLink: 20;13;NewKaku;ID=01fa22ae;SWITCH=1;CMD=OFF;
2021-08-23 11:26:51.022 RFLink: Light/Switch (NewKaku1)
2021-08-23 11:26:51.240 RFLink: 20;14;DEBUG;Pulses=132;Pulses(uSec)=210,2490,120,180,120,1200,120,1200,120,210,120,1200,120,210,120,1200,120,210,120,1200,120,210,120,1200,120,210,120,1200,120,210,120,180,120,1200,120,1200,120,210,120,180,120,1200,120,180,120,1200,120,180,120,1200,120,1200,120,210,120,180,120,1200,120,180,120,1200,120,180,120,1200,120,1200,120,210,120,180,120,1200,120,1200,120,180,120,180,120,1200,120,1200,120,180,120,180,120,1200,120,1200,120,180,120,1200,120,210,120,1200,120,180,120,180,120,1200,120,180,120,1200,120,180,120,1200,120,180,120,1200,120,180,120,1200,120,180,120,1200,120,180,120,1200,120,6990;
2021-08-23 11:26:51.379 RFLink: 20;15;DEBUG;Pulses=112;Pulses(uSec)=180,180,90,1140,120,180,120,1110,120,180,120,150,120,1140,120,1110,120,180,120,180,120,1140,120,180,120,1200,120,180,120,1200,120,1200,120,210,120,180,120,1200,120,180,120,1200,120,180,120,1200,120,1200,120,210,120,180,120,1200,120,1200,120,180,120,180,120,1200,120,1200,120,180,120,180,120,1200,120,1200,120,180,120,1200,120,210,120,1200,120,180,120,180,120,1200,120,180,120,1200,120,180,120,1200,120,180,120,1200,120,180,120,1200,120,180,120,1200,120,180,120,1200,120,6990;
2021-08-23 11:26:54.583 RFLink: 20;16;DEBUG;Pulses=132;Pulses(uSec)=210,2490,120,180,120,1200,120,1200,120,210,120,1200,120,210,120,1200,120,210,120,1200,120,210,120,1200,120,180,120,1200,120,180,120,180,120,1200,120,1200,120,180,120,180,120,1200,120,180,120,1200,120,180,120,1200,120,1200,120,180,120,180,120,1200,120,180,120,1200,120,180,120,1200,120,1200,120,210,120,180,120,1200,120,1200,120,210,120,180,120,1200,120,1200,120,210,120,180,120,1200,120,1200,120,210,120,1200,120,210,120,1200,120,210,120,180,120,1200,120,180,120,1200,120,180,120,1200,120,180,120,1200,120,180,120,1200,120,180,120,1200,120,180,120,1200,120,6990;
2021-08-23 11:26:54.591 RFLink: 20;17;NewKaku;ID=01fa22ae;SWITCH=1;CMD=OFF;
2021-08-23 11:26:54.598 RFLink: Light/Switch (NewKaku1)
2021-08-23 11:26:54.812 RFLink: 20;18;DEBUG;Pulses=132;Pulses(uSec)=210,2490,120,180,120,1200,120,1200,120,210,120,1200,120,210,120,1200,120,210,120,1200,120,210,120,1200,120,210,120,1200,120,210,120,180,120,1200,120,1200,120,210,120,180,120,1200,120,180,120,1200,120,180,120,1200,120,1200,120,180,120,180,120,1200,120,180,120,1200,120,180,120,1200,120,1200,120,180,120,180,120,1200,120,1200,120,180,120,180,120,1200,120,1200,120,210,120,180,120,1200,120,1200,120,210,120,1200,120,210,120,1200,120,210,120,180,120,1200,120,180,120,1200,120,180,120,1200,120,180,120,1200,120,180,120,1200,120,180,120,1200,120,180,120,1200,120,6990;
2021-08-23 11:26:54.951 RFLink: 20;19;DEBUG;Pulses=112;Pulses(uSec)=180,180,120,1110,120,180,120,1140,90,180,90,180,90,1170,90,1140,90,180,120,180,120,1140,120,180,120,1200,120,180,120,1200,120,1200,120,210,120,180,120,1200,120,180,120,1200,120,180,120,1200,120,1200,120,180,120,180,120,1200,120,1200,120,180,120,180,120,1200,120,1200,120,180,120,180,120,1200,120,1200,120,180,120,1200,120,210,120,1200,120,210,120,180,120,1200,120,180,120,1200,120,180,120,1200,120,180,120,1200,120,180,120,1200,120,180,120,1200,120,180,120,1200,120,6990;
2021-08-23 11:26:55.120 RFLink: 20;1A;DEBUG;Pulses=130;Pulses(uSec)=180,180,120,1140,120,1110,120,180,120,1170,120,210,120,1200,120,210,120,1200,120,210,120,1200,120,210,120,1200,120,210,120,180,120,1200,120,1200,120,210,120,180,120,1200,120,180,120,1200,120,180,120,1200,120,1200,120,210,120,180,120,1200,120,180,120,1200,120,180,120,1230,120,1200,120,180,120,180,120,1200,120,1200,120,180,120,180,120,1200,120,1200,120,180,120,180,120,1200,120,1200,120,180,120,1200,120,210,120,1200,120,210,120,180,120,1200,120,180,120,1200,120,180,120,1200,120,180,120,1200,120,180,120,1200,120,180,120,1200,120,180,120,1200,120,6990;
2021-08-23 11:26:55.263 RFLink: 20;1B;DEBUG;Pulses=116;Pulses(uSec)=0,180,90,1140,120,180,90,1140,120,180,120,1140,120,180,120,180,120,1140,90,1140,120,180,120,180,120,1200,120,180,120,1200,120,180,120,1200,120,1200,120,210,120,180,120,1200,120,180,120,1200,120,180,120,1200,120,1200,120,210,120,180,120,1200,120,1200,120,210,120,180,120,1200,120,1200,120,210,120,180,120,1200,120,1200,120,210,120,1200,120,210,120,1200,120,210,120,180,120,1200,120,180,120,1200,120,180,120,1200,120,180,120,1200,120,180,120,1200,120,180,120,1200,120,180,120,1200,120,6990;
2021-08-23 11:27:17.665 RFLink: 20;1E;DEBUG;Pulses=133;Pulses(uSec)=750,930,840,930,810,960,810,930,840,930,840,930,810,960,810,930,840,930,840,930,810,930,840,930,810,930,840,930,810,930,840,930,810,450,300,960,330,450,840,450,300,960,330,450,840,450,300,960,330,450,840,450,300,960,810,990,300,450,840,450,300,960,330,450,840,900,840,900,840,450,300,960,780,960,810,960,810,990,780,990,780,990,810,960,810,960,810,990,780,990,750,990,300,420,840,930,840,420,330,990,780,990,780,960,330,450,840,450,330,930,330,420,870,900,870,450,300,960,810,930,810,930,840,960,810,960,840,930,870,870,960,780,6990;
2021-08-23 11:27:45.950 RFLink: 20;1F;DEBUG;Pulses=44;Pulses(uSec)=450,1830,390,1800,450,840,390,840,390,840,390,1830,390,840,390,1830,390,780,450,870,390,840,390,840,390,840,390,840,390,870,390,1830,390,1830,390,1830,390,840,390,840,390,870,390,1560;
2021-08-23 11:27:46.216 RFLink: 20;20;DEBUG;Pulses=26;Pulses(uSec)=450,1830,390,1830,390,1830,390,840,390,840,390,840,390,1830,390,870,390,1830,390,840,390,840,390,840,390,390;
2021-08-23 11:27:46.479 RFLink: 20;21;DEBUG;Pulses=30;Pulses(uSec)=480,1830,390,1830,390,840,390,840,390,840,390,1830,390,870,390,1830,390,1860,390,1830,390,1830,390,870,390,840,390,1860,390,1140;
2021-08-23 11:27:46.589 RFLink: 20;22;DEBUG;Pulses=26;Pulses(uSec)=480,840,390,840,390,1830,390,870,390,1860,390,840,390,840,390,840,390,870,390,840,390,840,390,840,390,330;
2021-08-23 11:27:46.712 RFLink: 20;23;DEBUG;Pulses=28;Pulses(uSec)=450,840,390,1830,390,1860,390,1830,390,1830,390,840,390,840,390,1860,390,1860,390,1860,390,1830,390,840,390,1860,390,4110;
2021-08-23 11:28:04.657 RFLink: 20;24;DEBUG;Pulses=129;Pulses(uSec)=720,930,840,930,780,960,810,930,840,930,840,930,780,960,810,930,840,930,840,930,810,960,810,930,840,930,840,930,810,930,840,930,810,480,300,960,330,420,840,450,330,960,330,450,840,450,300,960,330,450,840,450,300,960,780,990,300,450,840,480,300,960,330,450,840,900,840,930,840,450,300,960,780,960,810,990,780,990,750,990,810,960,810,930,810,960,780,990,780,990,810,930,330,420,840,900,840,420,330,990,780,1020,750,960,330,420,870,420,330,930,330,420,870,900,870,420,330,930,840,930,840,960,840,930,840,900,960,780,6990;
2021-08-23 11:28:41.432 RFLink: 20;25;PONG;
2021-08-23 11:28:42.949 RFLink: 20;26;DEBUG;Pulses=26;Pulses(uSec)=480,1830,390,1830,390,840,390,840,390,840,390,1830,390,870,390,1860,390,1860,390,1830,390,1830,390,840,390,750;
2021-08-23 11:28:43.683 RFLink: 20;27;DEBUG;Pulses=34;Pulses(uSec)=450,840,390,1860,390,840,390,840,390,840,390,840,390,840,390,840,390,870,390,1800,420,1830,390,1860,390,840,390,840,390,870,390,1830,390,720;
2021-08-23 11:28:51.646 RFLink: 20;28;DEBUG;Pulses=123;Pulses(uSec)=780,930,840,930,810,960,810,930,840,930,840,930,810,960,810,930,840,930,810,930,810,960,780,930,810,930,840,930,810,930,840,930,810,450,330,960,330,450,840,450,330,960,330,450,840,450,300,960,330,450,840,480,300,960,780,990,300,450,840,450,300,960,300,450,840,930,840,900,840,450,300,990,780,960,780,960,810,990,750,990,780,990,810,930,810,960,810,990,780,990,780,990,330,420,840,900,840,420,330,990,780,960,810,930,360,420,870,420,330,930,360,420,870,870,900,390,330,930,870,870,990,750,6990;
2021-08-23 11:29:31.454 RFLink: 20;29;PONG;
2021-08-23 11:29:38.642 RFLink: 20;2A;DEBUG;Pulses=121;Pulses(uSec)=750,930,840,930,780,990,780,930,840,930,840,930,810,960,810,930,810,930,810,930,810,960,810,930,840,930,840,930,780,930,840,960,810,480,300,960,330,450,840,450,300,960,330,450,840,450,300,960,300,450,840,450,300,960,780,990,300,450,840,450,300,960,330,450,840,900,840,900,840,450,300,960,810,960,810,960,810,960,780,990,750,990,810,960,810,930,810,960,780,990,780,990,300,420,870,900,870,420,330,990,780,960,810,930,330,420,870,420,330,930,360,420,870,870,900,390,360,900,1020,750,6990;
2021-08-23 11:29:39.928 RFLink: 20;2B;DEBUG;Pulses=26;Pulses(uSec)=450,1830,390,840,390,840,390,840,390,840,390,840,390,840,390,870,390,1830,390,1830,390,1830,390,840,390,330;
2021-08-23 11:29:40.092 RFLink: 20;2C;DEBUG;Pulses=30;Pulses(uSec)=480,840,390,840,390,780,450,840,390,1830,390,1830,390,1830,390,840,390,840,390,840,390,1830,390,840,390,1830,390,1830,390,900;
2021-08-23 11:29:40.478 RFLink: 20;2D;DEBUG;Pulses=26;Pulses(uSec)=450,870,390,1830,390,1860,390,1830,390,1830,390,840,390,840,390,1830,390,1830,390,1830,390,1830,390,870,390,1080;
2021-08-23 11:30:21.475 RFLink: 20;2E;PONG;
2021-08-23 11:30:25.639 RFLink: 20;2F;DEBUG;Pulses=117;Pulses(uSec)=720,960,810,960,780,960,810,930,840,960,810,930,810,960,780,930,840,930,840,930,810,960,810,930,840,930,810,930,810,960,810,930,840,450,300,960,300,450,840,450,300,960,300,450,840,450,300,960,330,450,840,450,300,960,780,990,300,450,840,450,300,960,330,450,840,930,840,930,840,450,270,990,810,960,780,960,810,990,780,990,750,990,780,960,810,930,810,960,780,990,780,990,300,420,870,900,840,420,330,990,780,960,810,930,360,420,870,420,330,900,390,390,930,840,1200,90,6990;
2021-08-23 11:30:37.251 RFLink: 20;30;DEBUG;Pulses=30;Pulses(uSec)=450,1830,390,1830,390,840,390,870,390,840,390,1860,390,870,390,1830,390,1830,390,1830,390,1860,390,840,390,840,390,1830,390,1740;
2021-08-23 11:31:11.498 RFLink: 20;31;PONG;
2021-08-23 11:31:12.631 RFLink: 20;32;DEBUG;Pulses=111;Pulses(uSec)=870,960,780,930,840,930,840,930,810,960,810,930,840,930,840,930,810,960,780,930,840,930,840,930,810,930,840,930,810,450,330,960,330,450,840,450,300,960,330,450,840,450,300,960,330,450,840,450,300,960,780,990,300,450,840,450,330,960,330,450,840,930,840,900,840,450,270,990,810,960,780,960,810,990,750,990,780,990,810,960,810,960,810,990,780,990,780,990,300,420,840,900,870,420,330,960,780,960,810,930,360,420,870,420,360,900,390,390,960,810,6990;
2021-08-23 11:31:29.954 RFLink: 20;33;DEBUG;Pulses=234;Pulses(uSec)=870,780,780,780,780,780,810,780,780,780,780,780,780,780,810,780,780,780,780,780,780,780,780,780,780,780,780,780,810,780,780,330,330,780,330,330,780,330,330,780,330,330,780,330,330,780,330,330,810,330,360,780,780,780,330,330,780,330,330,780,330,330,780,780,780,780,810,330,330,780,780,780,780,780,810,780,780,780,780,780,780,780,780,780,780,780,780,780,840,780,330,330,780,330,330,780,330,330,810,330,330,780,330,330,780,780,780,780,780,330,330,780,780,780,780,780,780,780,780,780,330,330,780,330,330,780,780,780,780,810,780,780,780,780,780,780,780,780,780,780,780,780,780,780,780,780,330,330,780,780,780,780,780,330,330,780,780,780,780,780,780,780,330,330,780,780,780,330,330,780,780,780,330,330,780,330,330,780,780,780,330,330,780,330,330,780,780,780,780,780,780,780,780,780,330,330,840,300,330,780,780,780,330,330,780,780,810,780,780,330,330,780,780,780,330,330,780,780,780,780,780,780,810,330,330,780,780,780,780,780,330,330,780,6990;
2021-08-23 11:31:29.967 RFLink: 20;34;Oregon Rain;ID=2A75;RAINRATE=0004;RAIN=59ca;BAT=LOW;
2021-08-23 11:31:29.973 RFLink: Rain (Inventum Regen)
2021-08-23 11:31:30.408 RFLink: 20;35;DEBUG;Pulses=76;Pulses(uSec)=240,780,810,780,330,330,780,780,780,330,330,780,780,780,330,330,780,330,330,780,810,780,330,330,780,330,330,780,780,780,780,780,780,780,780,780,360,330,780,330,330,780,810,780,330,390,780,780,780,780,780,330,330,780,780,780,330,330,780,780,780,780,810,780,780,330,330,780,780,780,780,780,330,330,780,6990;
2021-08-23 11:31:30.662 RFLink: 20;36;DEBUG;Pulses=172;Pulses(uSec)=810,750,750,750,750,300,300,750,750,750,780,780,780,780,810,780,780,780,780,780,780,780,810,780,780,780,780,780,330,330,810,330,330,780,330,330,780,330,330,780,330,330,780,780,780,780,780,330,330,780,780,780,780,780,780,780,810,780,330,330,780,330,330,780,780,780,780,780,780,780,810,780,810,780,780,780,780,780,780,780,780,780,780,780,330,330,780,780,780,780,780,330,330,780,780,780,780,780,810,750,330,330,780,780,780,330,330,780,840,780,330,330,780,330,330,780,780,780,330,330,780,330,330,780,780,780,780,780,780,780,810,780,330,330,780,330,330,780,780,810,330,330,780,780,780,780,780,330,330,780,780,780,330,330,780,780,780,780,780,780,780,330,330,780,810,780,780,780,330,330,780,6990;
2021-08-23 11:31:34.021 RFLink: 20;37;DEBUG;Pulses=24;Pulses(uSec)=450,840,390,1830,390,870,390,1830,390,1860,390,1830,390,1830,390,840,390,840,390,1830,390,1830,390,870;
2021-08-23 11:31:34.074 RFLink: 20;38;DEBUG;Pulses=26;Pulses(uSec)=480,810,420,840,390,840,390,870,390,840,390,870,390,1860,390,1800,420,1860,390,870,390,840,390,840,390,1410;
2021-08-23 11:31:34.296 RFLink: 20;39;DEBUG;Pulses=28;Pulses(uSec)=480,840,390,1830,390,840,390,840,390,840,390,840,390,840,390,840,420,870,390,1830,390,1860,390,1830,390,840,390,300;
2021-08-23 11:31:34.583 RFLink: 20;3A;DEBUG;Pulses=26;Pulses(uSec)=450,840,390,840,390,1830,390,870,390,1830,390,840,390,840,390,840,390,840,390,840,390,840,390,870,390,1200;
2021-08-23 11:31:34.661 RFLink: 20;3B;DEBUG;Pulses=26;Pulses(uSec)=450,840,390,1830,390,870,390,1830,390,870,390,840,390,840,390,840,390,840,390,870,390,870,390,1830,390,1680;
2021-08-23 11:31:37.561 RFLink: 20;3C;DEBUG;Pulses=50;Pulses(uSec)=330,990,270,990,240,990,1020,300,240,990,270,990,270,990,240,990,270,990,270,990,270,990,270,990,240,990,270,990,270,990,270,990,270,990,270,990,270,990,1020,300,270,990,1020,300,270,990,1020,300,240,6990;
2021-08-23 11:31:37.565 RFLink: 20;3D;Kaku;ID=43;SWITCH=1;CMD=ON;
2021-08-23 11:31:37.568 RFLink: Light/Switch (Kaku1)
2021-08-23 11:31:37.650 RFLink: 20;3E;DEBUG;Pulses=50;Pulses(uSec)=330,990,270,990,240,990,1020,300,270,990,270,990,270,990,270,990,270,990,240,990,270,990,270,960,270,990,270,990,240,990,270,990,270,990,270,990,270,990,1020,300,270,990,1020,300,270,990,1020,300,270,6990;
2021-08-23 11:31:37.746 RFLink: 20;3F;DEBUG;Pulses=50;Pulses(uSec)=330,990,270,960,270,990,1020,300,240,990,270,990,240,990,270,990,270,990,240,990,270,990,240,990,270,990,270,990,240,990,270,990,240,990,270,990,270,990,1020,300,270,990,1020,300,270,990,1020,300,270,6990;
2021-08-23 11:31:37.836 RFLink: 20;40;DEBUG;Pulses=50;Pulses(uSec)=330,990,240,990,270,990,1020,300,240,990,270,990,240,990,240,990,270,990,240,990,270,990,240,990,270,990,270,990,240,990,270,990,240,990,270,990,270,990,1020,300,270,990,1020,300,270,990,1020,300,270,6990;
2021-08-23 11:31:38.486 RFLink: 20;41;DEBUG;Pulses=50;Pulses(uSec)=300,990,240,990,270,960,1020,300,270,990,270,960,270,990,270,990,270,990,270,990,270,990,240,990,270,990,240,990,270,990,270,990,240,990,240,990,240,990,1020,300,270,990,1020,300,270,990,240,990,240,6990;
2021-08-23 11:31:38.494 RFLink: 20;42;Kaku;ID=43;SWITCH=1;CMD=OFF;
2021-08-23 11:31:38.496 RFLink: Light/Switch (Kaku1)
2021-08-23 11:31:38.577 RFLink: 20;43;DEBUG;Pulses=50;Pulses(uSec)=330,990,240,990,240,990,1020,300,270,990,270,990,240,990,270,990,270,990,240,990,270,990,240,990,270,990,270,990,240,990,270,990,240,990,270,990,270,990,1020,300,270,990,1020,300,270,990,270,990,270,6990;
2021-08-23 11:31:38.671 RFLink: 20;44;DEBUG;Pulses=50;Pulses(uSec)=330,990,270,990,240,990,1020,300,270,990,240,990,270,990,240,990,270,990,240,990,270,990,240,960,270,990,270,990,240,990,270,990,270,990,270,990,270,990,1020,300,270,990,1020,300,270,990,270,990,240,6990;
2021-08-23 11:31:39.785 RFLink: 20;45;DEBUG;Pulses=50;Pulses(uSec)=330,990,240,960,270,960,1020,300,270,990,270,990,240,990,270,990,240,990,1020,300,270,960,270,990,270,990,240,990,270,990,270,960,270,990,270,990,240,990,1020,300,270,990,1020,300,270,990,1020,300,270,6990;
2021-08-23 11:31:39.793 RFLink: 20;46;Kaku;ID=43;SWITCH=2;CMD=ON;
2021-08-23 11:31:39.800 RFLink: Light/Switch (Banklamp)
2021-08-23 11:31:39.879 RFLink: 20;47;DEBUG;Pulses=50;Pulses(uSec)=330,990,270,990,270,960,1020,300,270,990,270,960,270,960,270,990,240,990,1020,300,240,990,270,990,270,990,240,960,270,960,270,960,270,990,270,990,240,990,1020,300,270,990,1020,300,270,990,1020,300,270,6990;
2021-08-23 11:31:39.969 RFLink: 20;48;DEBUG;Pulses=50;Pulses(uSec)=330,990,270,990,270,990,1020,300,270,990,240,990,270,990,270,960,270,990,1020,300,240,990,270,990,270,990,240,990,270,990,240,990,270,990,270,990,240,990,1020,300,270,990,1020,300,270,990,1020,300,270,6990;
2021-08-23 11:31:40.063 RFLink: 20;49;DEBUG;Pulses=50;Pulses(uSec)=330,990,270,990,270,990,1020,300,270,990,240,990,270,990,270,990,240,990,1020,300,240,990,240,990,270,990,270,990,270,990,240,990,270,990,270,990,240,990,1020,300,240,990,1020,300,240,990,1020,300,270,6990;
2021-08-23 11:31:41.022 RFLink: 20;4A;DEBUG;Pulses=50;Pulses(uSec)=300,990,270,960,270,960,1020,300,270,990,240,990,240,990,270,990,240,990,1020,300,240,990,270,990,270,990,240,990,270,960,240,990,270,990,270,990,240,990,1020,300,240,990,1020,300,270,990,270,990,270,6990;
2021-08-23 11:31:41.026 RFLink: 20;4B;Kaku;ID=43;SWITCH=2;CMD=OFF;
2021-08-23 11:31:41.034 RFLink: Light/Switch (Banklamp)
2021-08-23 11:31:41.113 RFLink: 20;4C;DEBUG;Pulses=50;Pulses(uSec)=330,990,240,960,270,990,1020,300,270,990,270,990,240,990,270,990,240,990,1020,300,270,990,240,990,270,990,240,990,270,990,240,990,240,990,270,990,240,990,1020,300,270,990,1020,300,270,990,240,990,270,6990;
2021-08-23 11:31:41.207 RFLink: 20;4D;DEBUG;Pulses=50;Pulses(uSec)=330,990,240,990,270,960,1020,300,240,990,240,990,240,990,270,990,240,990,1020,300,270,990,240,990,270,990,270,990,240,960,270,990,240,990,270,990,270,960,1020,300,270,990,1020,300,240,960,270,960,270,6990;
2021-08-23 11:31:41.297 RFLink: 20;4E;DEBUG;Pulses=50;Pulses(uSec)=330,990,240,990,240,990,1020,300,240,990,270,990,270,990,240,990,240,990,1020,300,270,990,270,990,240,990,270,990,240,990,270,990,270,990,240,990,240,990,1020,300,270,990,1020,300,270,990,270,990,240,6990;
2021-08-23 11:31:42.287 RFLink: 20;4F;DEBUG;Pulses=50;Pulses(uSec)=300,990,240,960,270,960,1020,300,240,990,270,960,240,960,270,990,270,990,240,960,270,960,1020,300,270,990,270,960,240,990,270,990,240,990,240,990,270,960,1020,300,240,990,1020,300,270,990,1020,300,270,6990;
2021-08-23 11:31:42.297 RFLink: 20;50;Kaku;ID=43;SWITCH=3;CMD=ON;
2021-08-23 11:31:42.304 RFLink: Light/Switch (Krantleeslamp)
2021-08-23 11:31:42.382 RFLink: 20;51;DEBUG;Pulses=50;Pulses(uSec)=330,990,270,990,240,990,1020,300,240,990,240,990,240,990,240,990,270,990,240,960,270,990,1020,300,270,990,270,960,240,990,270,990,240,990,240,960,270,990,1020,300,270,990,1020,300,270,960,1020,300,240,6990;
2021-08-23 11:31:42.472 RFLink: 20;52;DEBUG;Pulses=50;Pulses(uSec)=330,990,240,990,240,960,1020,300,270,990,270,990,270,960,240,990,270,990,270,990,240,990,1020,300,240,990,270,990,240,990,240,990,270,990,240,960,270,990,1020,300,270,990,1020,300,270,990,1020,300,240,6990;
2021-08-23 11:31:42.566 RFLink: 20;53;DEBUG;Pulses=50;Pulses(uSec)=330,990,240,990,240,960,1020,300,270,990,240,990,270,960,240,960,270,990,270,990,240,990,1020,300,240,990,270,960,270,960,240,960,270,990,240,990,270,990,1020,300,240,990,1020,300,240,990,1020,300,270,6990;
2021-08-23 11:31:43.640 RFLink: 20;54;DEBUG;Pulses=50;Pulses(uSec)=330,990,270,990,240,960,1020,300,270,990,270,960,270,960,240,960,270,990,240,990,240,960,1020,300,270,990,270,990,240,960,240,960,270,990,240,960,270,990,1020,300,240,990,1020,300,240,960,270,960,270,6990;
2021-08-23 11:31:43.648 RFLink: 20;55;Kaku;ID=43;SWITCH=3;CMD=OFF;
2021-08-23 11:31:43.656 RFLink: Light/Switch (Krantleeslamp)
2021-08-23 11:31:43.733 RFLink: 20;56;DEBUG;Pulses=50;Pulses(uSec)=330,990,240,990,240,960,1020,300,270,990,270,990,240,960,270,960,240,990,240,960,270,990,990,300,270,990,240,990,270,990,240,990,240,990,270,960,240,960,1020,300,270,990,990,300,270,960,240,990,270,6990;
2021-08-23 11:31:43.824 RFLink: 20;57;DEBUG;Pulses=50;Pulses(uSec)=330,990,270,960,240,960,1020,300,240,990,270,960,270,960,240,960,270,990,240,990,270,960,1020,300,240,990,270,960,270,990,240,990,270,990,240,990,270,960,1020,300,270,990,1020,300,270,990,270,960,240,6990;
2021-08-23 11:31:43.918 RFLink: 20;58;DEBUG;Pulses=50;Pulses(uSec)=330,990,270,990,240,960,990,300,270,990,240,960,270,960,270,990,240,990,240,960,240,960,1020,300,270,990,270,960,270,960,240,990,270,990,240,960,240,990,1020,300,240,990,1020,300,270,960,270,990,240,6990;
2021-08-23 11:31:44.008 RFLink: 20;59;DEBUG;Pulses=50;Pulses(uSec)=330,990,240,990,270,990,1020,300,270,990,270,990,240,960,270,990,270,990,270,960,270,960,1020,270,270,990,240,990,270,960,270,960,240,990,270,960,270,960,1020,300,270,990,1020,300,270,960,240,990,270,6990;
2021-08-23 11:31:49.997 RFLink: 20;5A;DEBUG;Pulses=132;Pulses(uSec)=180,2490,120,180,120,1200,120,1200,120,180,120,1200,120,180,120,1200,120,180,120,1200,120,180,120,1200,120,210,120,1200,120,180,120,180,120,1200,120,1200,120,210,120,180,120,1200,120,180,120,1200,120,180,120,1200,120,1200,120,210,120,180,120,1200,120,180,120,1200,120,180,120,1200,120,1200,120,210,120,180,120,1200,120,1200,120,210,120,180,120,1200,120,1200,120,210,120,180,120,1200,120,1200,120,210,120,1200,120,210,120,1200,120,210,120,180,120,1200,120,180,120,1200,120,180,120,1200,120,180,120,1200,120,180,120,1200,120,180,120,1200,120,180,120,1200,120,6990;
2021-08-23 11:31:50.005 RFLink: 20;5B;NewKaku;ID=01fa22ae;SWITCH=1;CMD=OFF;
2021-08-23 11:31:50.011 RFLink: Light/Switch (NewKaku1)
2021-08-23 11:31:50.230 RFLink: 20;5C;DEBUG;Pulses=132;Pulses(uSec)=210,2490,120,180,120,1200,120,1200,120,180,120,1200,120,210,120,1200,120,210,120,1200,120,210,120,1200,120,210,120,1200,120,210,120,180,120,1200,120,1200,120,210,120,180,120,1200,120,180,120,1200,120,180,120,1200,120,1200,120,210,120,180,120,1200,120,180,120,1200,120,180,120,1200,120,1200,120,210,120,180,120,1200,120,1200,120,210,120,180,120,1200,120,1200,120,210,120,180,120,1200,120,1200,120,210,120,1200,120,210,120,1200,120,210,120,180,120,1200,120,180,120,1200,120,180,120,1200,120,180,120,1200,120,180,120,1200,120,180,120,1200,120,180,120,1200,120,6990;
2021-08-23 11:31:50.369 RFLink: 20;5D;DEBUG;Pulses=112;Pulses(uSec)=180,180,90,1140,120,180,120,1140,120,180,120,180,120,1140,120,1140,120,180,120,180,120,1140,120,180,120,1200,120,180,120,1200,120,1200,120,210,120,180,120,1200,120,180,120,1200,120,180,120,1200,120,1200,120,210,120,180,120,1200,120,1200,120,210,120,180,120,1200,120,1200,120,210,120,180,120,1200,120,1200,120,210,120,1200,120,210,120,1200,120,210,120,180,120,1200,120,180,120,1200,120,180,120,1200,120,180,120,1200,120,180,120,1200,120,180,120,1200,120,180,120,1200,120,6990;
2021-08-23 11:31:51.116 RFLink: 20;5E;DEBUG;Pulses=132;Pulses(uSec)=180,2490,120,180,120,1200,120,1200,120,210,120,1200,120,210,120,1200,120,210,120,1200,120,210,120,1200,120,210,120,1200,120,210,120,180,120,1200,120,1200,120,210,120,180,120,1200,120,180,120,1200,120,180,120,1200,120,1200,120,210,120,180,120,1200,120,180,120,1200,120,180,120,1200,120,1200,120,210,120,180,120,1200,120,1200,120,210,120,180,120,1200,120,1200,120,210,120,180,120,1200,120,1200,120,210,120,1200,120,210,120,1200,120,210,120,180,120,1200,120,180,120,1200,120,1200,120,180,120,180,120,1200,120,180,120,1200,120,180,120,1200,120,1200,120,180,120,6990;
2021-08-23 11:31:51.120 RFLink: 20;5F;NewKaku;ID=01fa22ae;SWITCH=2;CMD=ON;
2021-08-23 11:31:51.122 RFLink: Light/Switch (Unknown)
2021-08-23 11:31:51.345 RFLink: 20;60;DEBUG;Pulses=132;Pulses(uSec)=210,2490,120,180,120,1200,120,1200,120,210,120,1200,120,210,120,1200,120,210,120,1200,120,210,120,1200,120,210,120,1200,120,210,120,180,120,1200,120,1200,120,210,120,180,120,1200,120,180,120,1200,120,180,120,1200,120,1200,120,210,120,180,120,1200,120,180,120,1200,120,180,120,1230,120,1200,120,210,120,180,120,1200,120,1200,120,210,120,180,120,1200,120,1200,120,210,120,180,120,1200,120,1200,120,210,120,1200,120,210,120,1200,120,180,120,180,120,1200,120,180,120,1200,120,1200,120,180,120,180,120,1200,120,180,120,1200,120,180,120,1200,120,1200,120,180,120,6990;
2021-08-23 11:31:51.483 RFLink: 20;61;DEBUG;Pulses=112;Pulses(uSec)=180,180,90,1140,120,180,120,1140,120,180,120,180,120,1140,120,1110,120,180,120,180,120,1140,120,180,120,1200,120,180,120,1200,120,1200,120,210,120,180,120,1200,120,180,120,1200,120,180,120,1200,120,1200,120,210,120,180,120,1200,120,1200,120,210,120,180,120,1200,120,1200,120,210,120,180,120,1200,120,1200,120,210,120,1200,120,210,120,1200,120,210,120,180,120,1200,120,180,120,1200,120,1200,120,180,120,180,120,1200,120,180,120,1200,120,180,120,1200,120,1200,120,180,120,6990;
2021-08-23 11:31:52.237 RFLink: 20;62;DEBUG;Pulses=132;Pulses(uSec)=180,2490,120,180,120,1200,120,1200,120,180,120,1200,120,180,120,1200,120,180,120,1200,120,180,120,1200,120,180,120,1200,120,180,120,180,120,1200,120,1200,120,210,120,180,120,1200,120,180,120,1200,120,180,120,1200,120,1200,120,210,120,180,120,1200,120,180,120,1200,120,180,120,1200,120,1200,120,210,120,180,120,1200,120,1200,120,210,120,180,120,1200,120,1200,120,210,120,180,120,1200,120,1200,120,210,120,1200,120,210,120,1200,120,210,120,180,120,1200,120,180,120,1200,120,180,120,1200,120,180,120,1200,120,180,120,1200,120,180,120,1200,120,1200,120,180,120,6990;
2021-08-23 11:31:52.245 RFLink: 20;63;NewKaku;ID=01fa22ae;SWITCH=2;CMD=OFF;
2021-08-23 11:31:52.248 RFLink: Light/Switch (Unknown)
2021-08-23 11:31:52.467 RFLink: 20;64;DEBUG;Pulses=132;Pulses(uSec)=210,2490,120,180,120,1200,120,1200,120,210,120,1200,120,210,120,1200,120,210,120,1200,120,210,120,1200,120,210,120,1200,120,210,120,180,120,1200,120,1200,120,210,120,180,120,1200,120,180,120,1200,120,180,120,1200,120,1200,120,210,120,180,120,1200,120,180,120,1200,120,180,120,1200,120,1200,120,210,120,180,120,1200,120,1200,120,180,120,180,120,1200,120,1200,120,180,120,180,120,1200,120,1200,120,210,120,1200,120,210,120,1200,120,180,120,180,120,1200,120,180,120,1200,120,180,120,1200,120,180,120,1200,120,180,120,1200,120,180,120,1200,120,1200,120,180,120,6990;
2021-08-23 11:31:52.606 RFLink: 20;65;DEBUG;Pulses=112;Pulses(uSec)=180,180,120,1110,120,180,120,1140,90,180,90,180,90,1170,90,1140,90,180,120,180,90,1140,120,180,120,1200,120,180,120,1200,120,1200,120,210,120,180,120,1200,120,180,120,1200,120,180,120,1200,120,1200,120,180,120,180,120,1200,120,1200,120,210,120,180,120,1200,120,1200,120,180,120,180,120,1200,120,1200,120,180,120,1200,120,210,120,1200,120,210,120,180,120,1200,120,180,120,1200,120,180,120,1200,120,180,120,1200,120,180,120,1200,120,180,120,1200,120,1200,120,180,120,6990;
2021-08-23 11:31:53.667 RFLink: 20;66;DEBUG;Pulses=132;Pulses(uSec)=210,2490,120,180,120,1200,120,1200,120,210,120,1200,120,210,120,1200,120,210,120,1200,120,210,120,1200,120,210,120,1200,120,210,120,180,120,1200,120,1200,120,210,120,180,120,1200,120,180,120,1200,120,180,120,1200,120,1200,120,210,120,180,120,1200,120,180,120,1200,120,180,120,1200,120,1200,120,210,120,180,120,1200,120,1200,120,210,120,180,120,1200,120,1200,120,180,120,180,120,1200,120,1200,120,180,120,1200,120,210,120,1200,120,180,120,180,120,1200,120,180,120,1200,120,1200,120,210,120,180,120,1200,120,180,120,1200,120,1200,120,210,120,180,120,1200,120,6990;
2021-08-23 11:31:53.675 RFLink: 20;67;NewKaku;ID=01fa22ae;SWITCH=3;CMD=ON;
2021-08-23 11:31:53.678 RFLink: Light/Switch (Unknown)
2021-08-23 11:31:53.900 RFLink: 20;68;DEBUG;Pulses=132;Pulses(uSec)=210,2490,120,180,120,1200,120,1200,120,210,120,1200,120,210,120,1200,120,210,120,1200,120,210,120,1200,120,210,120,1200,120,210,120,180,120,1200,120,1200,120,210,120,180,120,1200,120,180,120,1200,120,180,120,1200,120,1200,120,210,120,180,120,1200,120,180,120,1200,120,180,120,1200,120,1200,120,210,120,180,120,1200,120,1200,120,210,120,180,120,1200,120,1200,120,180,120,180,120,1200,120,1200,120,210,120,1200,120,210,120,1200,120,210,120,180,120,1200,120,180,120,1200,120,1200,120,210,120,180,120,1200,120,180,120,1200,120,1200,120,210,120,180,120,1200,120,6990;
2021-08-23 11:31:54.036 RFLink: 20;69;DEBUG;Pulses=112;Pulses(uSec)=180,180,90,1140,120,180,120,1140,90,180,120,180,90,1140,120,1140,120,180,120,180,90,1140,120,180,120,1200,120,180,120,1200,120,1200,120,210,120,180,120,1200,120,180,120,1200,120,180,120,1200,120,1200,120,180,120,180,120,1200,120,1200,120,180,120,180,120,1200,120,1200,120,180,120,180,120,1200,120,1200,120,180,120,1200,120,210,120,1200,120,210,120,180,120,1200,120,180,120,1200,120,1200,120,210,120,180,120,1200,120,180,120,1200,120,1200,120,210,120,180,120,1200,120,6990;
2021-08-23 11:31:55.158 RFLink: 20;6C;DEBUG;Pulses=132;Pulses(uSec)=210,2490,120,180,120,1200,120,1200,120,180,120,1200,120,210,120,1200,120,210,120,1200,120,210,120,1200,120,210,120,1200,120,210,120,180,120,1230,120,1200,120,210,120,180,120,1200,120,180,120,1200,120,180,120,1200,120,1200,120,210,120,180,120,1200,120,180,120,1200,120,180,120,1230,120,1200,120,210,120,180,120,1200,120,1200,120,210,120,180,120,1200,120,1200,120,210,120,180,120,1200,120,1200,120,210,120,1200,120,210,120,1200,120,210,120,180,120,1200,120,180,120,1200,120,180,120,1200,120,180,120,1200,120,180,120,1200,120,1200,120,180,120,180,120,1200,120,6990;
2021-08-23 11:31:55.293 RFLink: 20;6D;DEBUG;Pulses=112;Pulses(uSec)=180,180,120,1140,90,180,90,1140,90,180,90,180,90,1170,90,1140,120,180,120,180,120,1140,120,180,120,1200,120,180,120,1200,120,1200,120,210,120,180,120,1200,120,180,120,1200,120,180,120,1230,120,1200,120,210,120,180,120,1200,120,1200,120,210,120,180,120,1200,120,1200,120,210,120,180,120,1200,120,1200,120,210,120,1200,120,210,120,1200,120,210,120,180,120,1200,120,180,120,1200,120,180,120,1200,120,180,120,1200,120,180,120,1200,120,1200,120,210,120,180,120,1200,120,6990;
2021-08-23 11:31:56.186 RFLink: 20;6E;DEBUG;Pulses=132;Pulses(uSec)=210,2490,120,180,120,1200,120,1200,120,210,120,1200,120,210,120,1200,120,210,120,1200,120,210,120,1200,120,210,120,1200,120,210,120,180,120,1200,120,1200,120,210,120,180,120,1200,120,180,120,1200,120,180,120,1200,120,1200,120,210,120,180,120,1200,120,180,120,1200,120,180,120,1200,120,1200,120,210,120,180,120,1200,120,1200,120,210,120,180,120,1200,120,1200,120,210,120,180,120,1200,120,1200,120,210,120,1200,120,210,120,1200,120,210,120,180,120,1200,120,1200,120,210,120,180,120,1200,120,180,120,1200,120,180,120,1200,120,180,120,1200,120,180,120,1200,120,6990;
2021-08-23 11:31:56.194 RFLink: 20;6F;NewKaku;ID=01fa22ae;SWITCH=0;CMD=ALLOFF;
2021-08-23 11:31:56.197 RFLink: Light/Switch (Unknown)
2021-08-23 11:31:56.416 RFLink: 20;70;DEBUG;Pulses=132;Pulses(uSec)=210,2490,120,180,120,1200,120,1200,120,210,120,1200,120,210,120,1200,120,210,120,1200,120,180,120,1200,120,210,120,1200,120,210,120,180,120,1200,120,1200,120,210,120,180,120,1200,120,180,120,1200,120,180,120,1200,120,1200,120,210,120,180,120,1200,120,180,120,1200,120,180,120,1200,120,1200,120,210,120,180,120,1200,120,1200,120,210,120,180,120,1200,120,1200,120,210,120,180,120,1200,120,1200,120,210,120,1200,120,210,120,1200,120,210,120,180,120,1200,120,1200,120,210,120,180,120,1200,120,180,120,1200,120,180,120,1200,120,180,120,1200,120,180,120,1200,120,6990;
2021-08-23 11:31:56.555 RFLink: 20;71;DEBUG;Pulses=112;Pulses(uSec)=180,180,120,1140,90,180,120,1140,90,180,90,180,90,1140,90,1140,90,180,90,180,120,1140,120,180,120,1200,120,180,120,1200,120,1200,120,180,120,180,120,1200,120,180,120,1200,120,180,120,1200,120,1200,120,210,120,180,120,1200,120,1200,120,210,120,180,120,1200,120,1200,120,210,120,180,120,1200,120,1200,120,210,120,1200,120,210,120,1200,120,210,120,180,120,1200,120,1200,120,210,120,180,120,1200,120,180,120,1200,120,180,120,1200,120,180,120,1200,120,180,120,1200,120,6990;
2021-08-23 11:31:56.723 RFLink: 20;72;DEBUG;Pulses=130;Pulses(uSec)=180,180,90,1140,90,1140,90,180,120,1200,120,210,120,1200,120,210,120,1200,120,210,120,1200,120,210,120,1200,120,210,120,180,120,1200,120,1200,120,180,120,180,120,1200,120,180,120,1200,120,180,120,1200,120,1200,120,180,120,180,120,1200,120,180,120,1200,120,180,120,1200,120,1200,120,210,120,180,120,1200,120,1200,120,210,120,180,120,1200,120,1200,120,210,120,180,120,1200,120,1200,120,210,120,1200,120,210,120,1200,120,210,120,180,120,1200,120,1200,120,210,120,180,120,1200,120,180,120,1200,120,180,120,1200,120,180,120,1200,120,180,120,1200,120,6990;
2021-08-23 11:31:59.632 RFLink: 20;73;DEBUG;Pulses=115;Pulses(uSec)=750,930,810,930,780,990,780,930,810,960,810,930,780,960,780,930,840,930,840,930,810,960,810,930,810,960,810,930,810,930,840,930,810,480,300,960,330,450,840,450,330,960,300,450,840,450,300,960,330,450,840,450,300,960,780,990,300,450,840,450,300,960,330,450,840,930,840,930,840,450,300,990,780,990,780,960,810,960,810,990,780,990,780,960,810,930,810,990,750,990,780,990,300,420,870,900,870,420,330,930,810,960,780,960,360,420,870,420,360,930,390,390,960,810,6990;
2021-08-23 11:32:01.593 RFLink: 20;74;DEBUG;Pulses=50;Pulses(uSec)=720,150,630,150,150,630,630,150,150,630,150,630,150,630,630,150,630,150,150,630,150,630,630,150,150,630,150,630,150,630,150,630,150,630,630,150,150,630,150,630,630,150,150,630,150,630,150,630,150,6990;
2021-08-23 11:32:01.601 RFLink: 20;75;EV1527;ID=0d1904;SWITCH=08;CMD=ON;
2021-08-23 11:32:01.611 RFLink: Light/Switch ()
2021-08-23 11:32:01.688 RFLink: 20;76;DEBUG;Pulses=50;Pulses(uSec)=690,150,630,150,150,630,630,150,150,630,150,630,150,630,630,150,630,150,150,630,150,630,630,150,150,630,150,630,150,630,150,630,150,630,630,150,150,630,150,630,630,150,150,630,150,630,150,630,150,6990;
2021-08-23 11:32:01.749 RFLink: 20;77;DEBUG;Pulses=50;Pulses(uSec)=660,150,600,120,150,600,600,120,150,570,150,600,120,600,600,150,570,120,150,600,150,630,630,150,150,630,150,630,150,630,150,630,150,630,630,150,150,630,150,630,630,150,150,630,150,630,150,630,150,6990;
2021-08-23 11:32:01.807 RFLink: 20;78;DEBUG;Pulses=50;Pulses(uSec)=660,150,600,120,120,600,600,120,150,570,120,600,120,600,600,120,600,120,150,600,150,630,630,150,150,630,150,630,150,630,150,630,150,630,630,150,150,630,150,630,630,150,150,630,150,630,150,630,150,6990;
2021-08-23 11:32:01.868 RFLink: 20;79;DEBUG;Pulses=50;Pulses(uSec)=660,150,600,120,150,600,600,120,150,570,120,570,120,600,600,120,600,120,150,600,150,630,630,150,150,630,150,630,150,630,150,630,150,630,630,150,150,630,150,630,630,150,150,630,150,630,150,630,150,6990;
2021-08-23 11:32:02.527 RFLink: 20;7A;DEBUG;Pulses=50;Pulses(uSec)=690,150,630,150,150,630,630,150,150,630,150,630,150,630,630,150,630,150,150,630,150,630,630,150,150,630,150,630,150,630,150,630,150,630,630,150,150,630,150,630,630,150,630,150,150,630,150,630,150,6990;
2021-08-23 11:32:02.588 RFLink: 20;7B;DEBUG;Pulses=50;Pulses(uSec)=660,120,600,120,120,600,600,120,150,600,120,600,120,600,600,150,570,150,150,600,150,630,630,150,150,630,150,630,150,630,150,630,150,630,630,150,150,630,150,630,630,150,630,150,150,630,150,630,150,6990;
2021-08-23 11:32:02.646 RFLink: 20;7C;DEBUG;Pulses=50;Pulses(uSec)=660,120,600,120,150,600,600,120,120,600,120,600,120,600,600,150,570,150,150,600,150,630,630,150,150,630,150,630,150,630,150,630,150,630,630,150,150,630,150,630,630,150,630,150,150,630,150,630,150,6990;
2021-08-23 11:32:02.707 RFLink: 20;7D;DEBUG;Pulses=50;Pulses(uSec)=660,120,600,120,120,600,600,120,120,570,150,600,120,570,600,150,570,150,120,600,150,630,630,150,150,630,150,630,150,630,150,630,150,630,630,150,150,630,150,630,630,150,630,150,150,630,150,630,150,6990;
2021-08-23 11:32:02.770 RFLink: 20;7E;DEBUG;Pulses=50;Pulses(uSec)=660,120,600,120,120,600,600,120,150,570,120,600,120,600,600,150,570,150,120,600,150,630,630,150,150,630,150,630,150,630,150,630,150,630,630,150,150,630,150,630,630,150,630,150,150,630,150,630,150,6990;
2021-08-23 11:32:02.831 RFLink: 20;7F;DEBUG;Pulses=50;Pulses(uSec)=660,150,600,120,150,570,600,120,150,570,150,600,120,600,600,120,570,150,120,600,150,630,630,150,150,630,150,630,150,630,150,630,150,630,630,150,150,630,150,630,630,150,630,150,150,630,150,630,150,6990;
2021-08-23 11:32:03.551 RFLink: 20;80;DEBUG;Pulses=50;Pulses(uSec)=690,150,630,150,150,630,630,150,150,630,150,630,150,630,630,150,630,150,150,630,150,630,630,150,150,630,150,630,150,630,150,630,150,630,630,150,150,630,150,630,150,630,630,150,150,630,150,630,150,6990;
2021-08-23 11:32:03.613 RFLink: 20;81;DEBUG;Pulses=50;Pulses(uSec)=660,120,600,120,120,600,600,120,120,600,120,600,120,570,600,120,600,120,150,600,150,630,630,150,150,630,150,630,150,630,150,630,150,630,630,150,150,630,150,630,150,630,630,150,150,630,150,630,150,6990;
2021-08-23 11:32:03.674 RFLink: 20;82;DEBUG;Pulses=50;Pulses(uSec)=660,120,600,150,120,600,600,120,120,600,120,600,150,570,600,120,600,120,150,600,150,630,630,150,150,630,150,630,150,630,150,630,150,630,630,150,150,630,150,630,150,630,630,150,150,630,150,630,150,6990;
2021-08-23 11:32:03.736 RFLink: 20;83;DEBUG;Pulses=50;Pulses(uSec)=660,120,600,120,120,600,600,120,150,600,120,600,150,570,600,150,600,120,150,600,150,630,630,150,150,630,150,630,150,630,150,630,150,630,630,150,150,630,150,630,150,630,630,150,150,630,150,630,150,6990;
2021-08-23 11:32:03.797 RFLink: 20;84;DEBUG;Pulses=50;Pulses(uSec)=660,120,600,150,120,600,600,120,150,600,120,600,150,570,600,120,600,120,150,600,150,630,630,150,150,630,150,630,150,630,150,630,150,630,630,150,150,630,150,630,150,630,630,150,150,630,150,630,150,6990;
2021-08-23 11:32:03.859 RFLink: 20;85;DEBUG;Pulses=50;Pulses(uSec)=660,120,600,120,120,600,600,120,150,600,120,600,150,570,600,120,600,120,150,600,150,630,630,150,150,630,150,630,150,630,150,630,150,630,630,150,150,630,150,630,150,630,630,150,150,630,150,630,150,6990;
2021-08-23 11:32:04.497 RFLink: 20;86;DEBUG;Pulses=50;Pulses(uSec)=690,150,630,150,150,630,630,150,150,630,150,630,150,630,630,150,630,150,150,630,150,630,630,150,150,630,150,630,150,630,150,630,150,630,630,150,150,630,150,630,630,150,150,630,150,630,630,150,150,6990;
2021-08-23 11:32:04.559 RFLink: 20;87;DEBUG;Pulses=50;Pulses(uSec)=660,150,600,120,150,600,570,120,150,570,150,600,120,600,600,150,600,120,120,600,150,630,630,150,150,630,150,630,150,630,150,630,150,630,630,150,150,630,150,630,630,150,150,630,150,630,630,150,150,6990;
2021-08-23 11:32:04.621 RFLink: 20;88;DEBUG;Pulses=50;Pulses(uSec)=660,150,600,120,150,600,570,120,150,570,150,600,120,600,600,120,600,120,120,600,150,630,630,150,150,630,150,630,150,630,150,630,150,630,630,150,150,630,150,630,630,150,150,630,150,630,630,150,150,6990;
2021-08-23 11:32:04.682 RFLink: 20;89;DEBUG;Pulses=50;Pulses(uSec)=660,150,600,120,150,600,570,150,150,570,150,600,120,600,600,120,600,120,120,600,150,630,630,150,150,630,150,630,150,630,150,630,150,630,630,150,150,630,150,630,630,150,150,630,150,630,630,150,150,6990;
2021-08-23 11:32:04.744 RFLink: 20;8A;DEBUG;Pulses=50;Pulses(uSec)=660,150,600,120,150,600,600,120,150,570,150,600,120,600,600,120,600,120,120,600,150,630,630,150,150,630,150,630,150,630,150,630,150,630,630,150,150,630,150,630,630,150,150,630,150,630,630,150,150,6990;
2021-08-23 11:32:04.805 RFLink: 20;8B;DEBUG;Pulses=50;Pulses(uSec)=660,120,600,120,150,570,600,120,150,570,150,570,120,600,600,120,600,120,120,600,150,630,630,150,150,630,150,630,150,630,150,630,150,630,630,150,150,630,150,630,630,150,150,630,150,630,630,150,150,6990;
2021-08-23 11:32:05.546 RFLink: 20;8C;DEBUG;Pulses=50;Pulses(uSec)=720,150,630,150,150,630,630,150,150,630,150,630,150,630,630,150,630,150,150,630,150,630,630,150,150,630,150,630,150,630,150,630,150,630,630,150,150,630,150,630,150,630,150,630,630,150,150,630,150,6990;
2021-08-23 11:32:05.607 RFLink: 20;8D;DEBUG;Pulses=50;Pulses(uSec)=660,120,600,150,120,600,600,120,120,600,120,600,150,570,570,120,600,120,150,600,150,630,630,150,150,630,150,630,150,630,150,630,150,630,630,150,150,630,150,630,150,630,150,630,630,150,150,630,150,6990;
2021-08-23 11:32:05.670 RFLink: 20;8E;DEBUG;Pulses=50;Pulses(uSec)=660,120,600,150,120,600,600,120,150,600,120,600,150,600,570,120,600,120,150,600,150,630,630,150,150,630,150,630,150,630,150,630,150,630,630,150,150,630,150,600,150,630,150,630,630,150,150,630,150,6990;
2021-08-23 11:32:05.731 RFLink: 20;8F;DEBUG;Pulses=50;Pulses(uSec)=660,120,600,150,120,600,600,120,150,600,120,600,150,600,600,120,600,120,150,600,150,630,630,150,150,630,150,630,150,630,150,630,150,630,630,150,150,630,150,630,150,630,150,630,630,150,150,630,150,6990;
2021-08-23 11:32:05.793 RFLink: 20;90;DEBUG;Pulses=50;Pulses(uSec)=660,120,600,150,120,600,600,120,150,570,120,600,150,570,600,120,600,120,120,600,150,630,630,150,150,630,150,630,150,630,150,630,150,630,630,150,150,630,150,630,150,630,150,630,630,150,150,630,150,6990;
2021-08-23 11:32:06.558 RFLink: 20;91;DEBUG;Pulses=50;Pulses(uSec)=690,150,630,150,150,630,630,150,150,630,150,630,150,630,630,150,630,150,150,630,150,630,630,150,150,630,150,630,150,630,150,630,150,630,630,150,150,630,150,630,150,630,630,150,150,630,630,150,150,6990;
2021-08-23 11:32:06.620 RFLink: 20;92;DEBUG;Pulses=50;Pulses(uSec)=660,150,600,120,150,600,570,150,150,570,150,570,120,600,600,120,600,150,120,600,150,630,630,150,150,630,150,630,150,630,150,630,150,630,630,150,150,630,150,630,150,630,630,150,150,630,630,150,150,6990;
2021-08-23 11:32:06.681 RFLink: 20;93;DEBUG;Pulses=50;Pulses(uSec)=660,120,600,120,150,600,600,120,150,570,150,600,120,600,600,120,600,150,120,600,150,630,630,150,150,630,150,630,150,630,150,630,150,630,630,150,150,630,150,630,150,630,630,150,150,630,630,150,150,6990;
2021-08-23 11:32:06.743 RFLink: 20;94;DEBUG;Pulses=50;Pulses(uSec)=660,120,600,120,150,600,600,120,150,570,150,600,120,600,600,120,600,150,120,600,150,630,630,150,150,630,150,630,150,630,150,630,150,630,630,150,150,630,150,630,150,630,630,150,150,630,630,150,150,6990;
2021-08-23 11:32:06.804 RFLink: 20;95;DEBUG;Pulses=50;Pulses(uSec)=660,120,600,120,150,600,600,120,150,600,120,600,120,600,600,120,600,120,120,600,150,630,630,150,150,630,150,630,150,630,150,630,150,630,630,150,150,630,150,630,150,630,630,150,150,630,630,150,150,6990;
2021-08-23 11:32:07.635 RFLink: 20;96;DEBUG;Pulses=50;Pulses(uSec)=720,150,630,150,150,630,630,150,150,630,150,630,150,630,630,150,630,150,150,630,150,630,630,150,150,630,150,630,150,630,150,630,150,630,630,150,150,630,150,630,150,630,150,630,150,630,630,150,150,6990;
2021-08-23 11:32:07.696 RFLink: 20;97;DEBUG;Pulses=50;Pulses(uSec)=660,120,600,120,120,570,600,120,150,600,120,600,150,570,570,120,600,120,150,600,150,630,630,150,150,630,150,630,150,630,150,630,150,630,630,150,150,630,150,630,150,630,150,630,150,630,630,150,150,6990;
2021-08-23 11:32:07.759 RFLink: 20;98;DEBUG;Pulses=50;Pulses(uSec)=660,120,600,120,120,600,600,120,150,570,120,600,150,600,600,120,600,120,150,600,150,630,630,150,150,630,150,630,150,630,150,600,150,630,630,150,150,630,150,630,150,630,150,630,150,630,630,150,150,6990;
2021-08-23 11:32:07.820 RFLink: 20;99;DEBUG;Pulses=50;Pulses(uSec)=660,120,600,150,120,600,600,120,150,600,120,600,150,570,600,120,600,120,120,600,150,630,630,150,150,630,150,630,150,630,150,630,150,630,630,150,150,630,150,630,150,630,150,630,150,630,630,150,150,6990;
2021-08-23 11:32:07.882 RFLink: 20;9A;DEBUG;Pulses=50;Pulses(uSec)=660,120,600,120,120,600,600,120,150,600,120,600,120,600,570,150,600,120,150,600,150,630,630,150,150,630,150,630,150,630,150,630,150,630,630,120,150,630,150,630,150,630,150,630,150,630,630,150,150,6990;
2021-08-23 11:32:07.943 RFLink: 20;9B;DEBUG;Pulses=50;Pulses(uSec)=660,120,600,120,120,600,600,120,120,600,120,600,120,600,600,120,600,120,150,600,150,630,630,150,150,630,150,630,150,630,150,630,150,630,630,150,150,630,150,630,150,630,150,630,150,630,630,150,150,6990;
2021-08-23 11:32:08.848 RFLink: 20;9C;DEBUG;Pulses=50;Pulses(uSec)=720,150,630,150,150,630,630,150,150,630,150,630,150,630,630,150,630,150,150,630,150,630,630,150,150,630,150,630,150,630,150,630,150,630,630,150,150,630,150,630,150,630,150,630,630,150,630,150,150,6990;
2021-08-23 11:32:08.909 RFLink: 20;9D;DEBUG;Pulses=50;Pulses(uSec)=660,120,600,120,150,600,570,150,120,570,120,600,120,600,600,120,600,120,120,600,150,630,630,150,150,630,150,630,150,630,150,630,150,630,630,150,150,630,150,630,150,630,150,630,630,150,630,150,150,6990;
2021-08-23 11:32:08.971 RFLink: 20;9E;DEBUG;Pulses=50;Pulses(uSec)=660,120,600,120,120,600,570,150,120,600,120,600,120,600,600,120,600,150,120,600,150,630,630,150,150,630,150,630,150,630,150,630,150,630,630,150,150,630,150,630,150,630,150,630,630,150,630,150,150,6990;
2021-08-23 11:32:09.032 RFLink: 20;9F;DEBUG;Pulses=50;Pulses(uSec)=660,150,600,120,120,600,570,120,120,600,150,600,120,600,600,120,600,120,120,600,150,630,630,150,150,630,150,630,150,630,150,630,150,630,630,150,150,630,150,630,150,630,150,630,630,150,630,150,150,6990;
2021-08-23 11:32:09.094 RFLink: 20;A0;DEBUG;Pulses=50;Pulses(uSec)=660,120,600,120,120,600,570,120,120,600,150,570,120,600,600,120,600,150,120,600,150,630,630,150,150,630,150,630,150,630,150,630,150,630,630,150,150,630,150,630,150,630,150,630,630,150,630,150,150,6990;
2021-08-23 11:32:09.156 RFLink: 20;A1;DEBUG;Pulses=50;Pulses(uSec)=660,120,600,120,120,600,570,120,120,600,150,600,120,600,600,120,600,150,120,600,150,630,630,150,150,630,150,630,150,630,150,630,150,630,630,150,150,630,150,630,150,630,150,630,630,150,630,150,150,6990;
2021-08-23 11:32:31.136 RFLink: 20;A2;DEBUG;Pulses=28;Pulses(uSec)=450,840,390,840,390,840,390,1830,390,870,390,1830,390,870,390,840,390,840,390,840,390,840,390,870,390,840,420,1230;
2021-08-23 11:32:46.632 RFLink: 20;A3;DEBUG;Pulses=115;Pulses(uSec)=720,930,840,960,780,990,810,960,810,930,840,930,780,990,780,930,840,930,840,930,780,960,810,930,840,930,840,930,810,930,840,960,810,450,300,960,300,450,840,450,300,960,330,450,840,450,300,960,330,450,840,450,300,960,780,990,300,450,840,450,330,960,330,450,840,900,840,900,840,450,270,990,810,960,780,960,810,990,780,990,780,990,810,960,810,960,780,990,780,990,780,990,330,450,840,930,840,420,330,930,810,960,780,960,360,390,900,420,360,900,390,390,930,810,6990;
2021-08-23 11:33:28.225 RFLink: 20;A4;DEBUG;Pulses=34;Pulses(uSec)=480,840,390,1830,390,840,390,840,390,840,390,840,390,840,390,870,390,870,390,1830,390,1830,390,1860,390,840,390,840,390,870,390,1830,390,570;
2021-08-23 11:33:33.633 RFLink: 20;A6;DEBUG;Pulses=115;Pulses(uSec)=750,930,840,930,810,960,810,930,840,930,810,930,810,960,810,930,840,930,840,930,810,930,840,930,810,930,780,960,840,930,840,930,810,480,300,960,330,450,840,420,300,990,330,420,870,450,300,960,330,450,840,450,300,960,780,990,300,450,840,450,330,960,330,450,840,930,840,930,840,480,270,990,750,990,810,960,810,960,780,990,780,990,810,960,810,960,810,960,780,990,780,990,300,450,840,900,870,420,330,930,810,960,810,960,330,420,870,390,360,900,390,390,930,810,6990;